Feb 5, 2021;1;2;23;32;35;36;45
Jan 29, 2021;9;11;20;22;33;36;46
Jan 22, 2021;11;21;23;25;28;41;43
Jan 15, 2021;5;23;31;35;36;37;43
Jan 8, 2021;4;21;24;25;26;27;42
Jan 1, 2021;18;21;28;29;31;32;49
Dec 25, 2020;8;12;16;30;38;48;50
Dec 18, 2020;2;9;10;22;31;35;49
Dec 11, 2020;9;21;30;33;38;39;46
Dec 4, 2020;5;7;14;23;24;46;47
Nov 27, 2020;9;15;35;41;42;45;46
Nov 20, 2020;11;17;29;33;39;40;42
Nov 13, 2020;3;4;7;19;44;48;49
Nov 6, 2020;7;9;19;20;26;32;35
Oct 30, 2020;19;20;23;31;37;46;48
Oct 23, 2020;2;8;20;21;29;34;37
Oct 16, 2020;1;4;8;10;12;17;41
Oct 9, 2020;4;6;12;30;32;33;34
Oct 2, 2020;7;12;16;26;40;45;49
Sep 25, 2020;1;7;9;28;38;48;50
Sep 18, 2020;2;11;22;25;32;40;44
Sep 11, 2020;4;15;16;17;35;46;50
Sep 4, 2020;7;18;22;26;35;41;50
Sep 1, 2020;2;9;29;30;31;35;37
Aug 28, 2020;5;8;9;28;32;48;50
Aug 25, 2020;1;21;34;38;39;40;46
Aug 21, 2020;1;2;5;11;20;30;39
Aug 18, 2020;1;2;16;32;44;46;50
Aug 14, 2020;3;22;37;39;41;43;44
Aug 11, 2020;9;17;22;33;36;45;46
Aug 7, 2020;9;21;26;28;30;37;44
Aug 4, 2020;18;24;25;30;31;33;48
Jul 31, 2020;8;16;19;22;28;31;38
Jul 28, 2020;7;10;11;24;39;43;48
Jul 24, 2020;17;20;27;29;37;39;41
Jul 21, 2020;7;22;26;35;46;47;49
Jul 17, 2020;5;11;15;18;20;24;46
Jul 14, 2020;3;9;21;35;44;47;48
Jul 10, 2020;17;18;27;38;39;40;47
Jul 7, 2020;9;20;21;22;25;26;37
Jul 3, 2020;3;4;21;33;38;44;45
Jun 30, 2020;11;12;22;33;37;48;49
Jun 26, 2020;8;14;31;36;39;46;47
Jun 23, 2020;2;3;6;13;37;42;46
Jun 19, 2020;3;12;17;22;29;31;48
Jun 16, 2020;1;3;22;30;31;37;40
Jun 12, 2020;1;16;24;28;30;31;47
Jun 9, 2020;4;16;19;32;35;36;38
Jun 5, 2020;1;8;15;16;32;39;40
Jun 2, 2020;8;14;16;17;29;41;42
May 29, 2020;5;12;15;23;26;38;41
May 26, 2020;5;27;34;37;39;41;47
May 22, 2020;9;11;14;21;22;24;41
May 19, 2020;22;23;24;25;37;40;49
May 15, 2020;7;30;32;40;47;48;50
May 12, 2020;11;19;22;26;33;46;48
May 8, 2020;3;4;10;11;26;28;40
May 5, 2020;25;28;32;41;42;44;45
May 1, 2020;3;12;25;36;37;42;49
Apr 28, 2020;9;18;23;36;39;43;48
Apr 24, 2020;8;9;19;26;27;31;46
Apr 21, 2020;9;10;13;21;40;41;43
Apr 17, 2020;2;15;21;29;40;47;50
Apr 14, 2020;3;6;9;22;29;38;39
Apr 10, 2020;3;9;10;14;15;19;20
Apr 7, 2020;5;20;21;22;32;37;41
Apr 3, 2020;5;9;10;25;27;29;38
Mar 31, 2020;5;7;22;29;32;37;39
Mar 27, 2020;3;4;13;14;30;36;41
Mar 24, 2020;2;11;16;18;19;20;25
Mar 20, 2020;9;16;17;18;21;22;27
Mar 17, 2020;4;5;8;15;27;41;48
Mar 13, 2020;7;14;15;35;36;49;50
Mar 10, 2020;5;6;27;37;38;46;48
Mar 6, 2020;2;9;10;35;41;42;47
Mar 3, 2020;10;14;15;25;27;39;48
Feb 28, 2020;21;27;30;32;33;36;46
Feb 25, 2020;15;32;36;40;41;43;48
Feb 21, 2020;4;7;14;37;48;49;50
Feb 18, 2020;3;6;19;23;33;40;45
Feb 14, 2020;14;17;20;34;38;45;49
Feb 11, 2020;14;15;19;22;31;36;39
Feb 7, 2020;21;24;26;31;36;48;49
Feb 4, 2020;3;12;18;25;43;46;50
Jan 31, 2020;2;27;30;39;44;45;49
Jan 28, 2020;4;10;12;27;30;44;46
Jan 24, 2020;2;11;14;21;23;34;36
Jan 21, 2020;7;11;16;21;31;36;44
Jan 17, 2020;5;6;36;39;40;46;48
Jan 14, 2020;5;16;19;23;30;37;48
Jan 10, 2020;10;13;14;24;28;47;48
Jan 7, 2020;3;8;12;14;17;18;29
Jan 3, 2020;8;18;20;24;31;37;39
Dec 31, 2019;3;4;11;19;30;39;40
Dec 27, 2019;13;27;34;36;38;45;50
Dec 24, 2019;1;6;12;13;19;23;38
Dec 20, 2019;14;23;28;29;30;33;48
Dec 17, 2019;19;20;23;29;35;40;47
Dec 13, 2019;2;12;14;15;26;34;39
Dec 10, 2019;7;11;19;30;42;43;50
Dec 6, 2019;9;11;17;19;35;36;43
Dec 3, 2019;2;10;20;30;32;35;50
Nov 29, 2019;3;8;14;15;24;33;48
Nov 26, 2019;13;14;18;22;42;44;47
Nov 22, 2019;5;9;23;29;30;31;37
Nov 19, 2019;5;13;23;25;27;32;44
Nov 15, 2019;15;16;33;36;38;43;49
Nov 12, 2019;1;14;16;22;32;39;45
Nov 8, 2019;3;5;10;18;26;33;46
Nov 5, 2019;5;7;15;18;35;37;45
Nov 1, 2019;10;20;24;25;32;39;46
Oct 29, 2019;10;17;18;22;23;25;34
Oct 25, 2019;6;11;16;18;23;26;40
Oct 22, 2019;1;4;6;9;25;31;43
Oct 18, 2019;3;21;29;37;40;43;44
Oct 15, 2019;17;18;22;27;29;31;34
Oct 11, 2019;1;3;11;13;19;22;46
Oct 8, 2019;18;24;31;38;44;46;50
Oct 4, 2019;20;31;35;36;39;42;44
Oct 1, 2019;1;15;19;31;40;41;43
Sep 27, 2019;3;9;25;26;28;34;38
Sep 24, 2019;3;22;26;32;38;42;43
Sep 20, 2019;9;15;26;36;39;41;47
Sep 17, 2019;2;4;17;39;40;43;46
Sep 13, 2019;4;16;21;32;44;45;50
Sep 10, 2019;1;15;16;20;27;38;50
Sep 6, 2019;4;5;24;25;43;44;50
Sep 3, 2019;6;8;11;13;28;42;48
Aug 30, 2019;5;9;33;36;39;41;44
Aug 27, 2019;5;7;19;28;32;35;44
Aug 23, 2019;5;6;8;15;22;46;47
Aug 20, 2019;9;17;23;37;44;46;48
Aug 16, 2019;22;24;25;26;29;32;46
Aug 13, 2019;1;5;38;39;42;47;49
Aug 9, 2019;10;25;31;34;36;39;45
Aug 6, 2019;19;22;28;30;36;38;39
Aug 2, 2019;11;20;23;24;26;41;44
Jul 30, 2019;4;6;10;15;24;40;43
Jul 26, 2019;11;15;17;20;24;25;50
Jul 23, 2019;4;8;11;16;28;29;44
Jul 19, 2019;1;15;21;29;30;31;33
Jul 16, 2019;11;14;17;21;23;26;36
Jul 12, 2019;3;13;19;25;28;30;37
Jul 9, 2019;10;13;31;32;36;40;41
Jul 5, 2019;1;4;8;28;32;36;43
Jul 2, 2019;6;14;26;31;34;36;45
Jun 28, 2019;7;11;36;37;38;43;46
Jun 25, 2019;2;14;15;23;27;44;45
Jun 21, 2019;11;16;17;20;42;44;50
Jun 18, 2019;1;6;13;15;38;42;49
Jun 14, 2019;4;11;20;22;37;44;49
Jun 11, 2019;18;23;28;32;34;44;50
Jun 7, 2019;4;8;13;23;25;33;39
Jun 4, 2019;7;19;22;28;34;41;42
May 31, 2019;6;29;34;39;42;47;50
May 28, 2019;4;9;10;26;27;29;37
May 24, 2019;9;11;15;19;20;35;41
May 21, 2019;2;3;8;18;31;39;50
May 17, 2019;4;21;23;39;40;42;50
May 14, 2019;9;24;27;33;40;44;48
May 10, 2019;16;17;31;34;36;39;41
May 3, 2019;2;3;5;12;21;22;37
Apr 26, 2019;9;17;21;23;36;41;48
Apr 19, 2019;2;16;21;33;39;42;47
Apr 12, 2019;2;20;21;30;31;39;45
Apr 5, 2019;1;2;16;21;23;25;28
Mar 29, 2019;10;12;19;22;25;32;42
Mar 22, 2019;1;3;20;21;27;28;44
Mar 15, 2019;6;11;25;31;36;41;49
Mar 8, 2019;2;9;16;17;21;22;32
Mar 1, 2019;2;23;24;29;40;48;49
Feb 22, 2019;6;31;33;34;43;44;46
Feb 15, 2019;1;2;32;37;38;39;45
Feb 8, 2019;18;23;31;32;36;38;43
Feb 1, 2019;2;6;13;19;21;32;40
Jan 25, 2019;6;12;20;24;40;42;47
Jan 18, 2019;3;19;22;30;32;37;40
Jan 11, 2019;8;15;21;28;29;30;39
Jan 4, 2019;7;22;25;26;35;41;45
Dec 28, 2018;5;13;14;16;17;29;49
Dec 21, 2018;7;21;23;25;31;34;45
Dec 14, 2018;6;7;11;21;23;27;41
Dec 7, 2018;2;9;15;23;26;30;41
Nov 30, 2018;5;8;15;20;25;26;47
Nov 23, 2018;1;7;13;14;22;42;48
Nov 16, 2018;11;17;24;34;41;42;48
Nov 9, 2018;2;12;31;34;39;48;49
Nov 2, 2018;9;10;16;23;24;39;49
Oct 26, 2018;2;3;4;8;9;20;30
Oct 19, 2018;10;15;16;17;19;27;38
Oct 12, 2018;18;31;38;45;46;47;48
Oct 5, 2018;8;9;12;20;22;27;30
Sep 28, 2018;25;28;31;36;42;44;49
Sep 21, 2018;3;9;15;16;19;45;48
Sep 14, 2018;1;3;5;10;16;27;43
Sep 7, 2018;3;12;21;34;37;38;41
Aug 31, 2018;2;4;18;19;20;39;44
Aug 24, 2018;3;5;7;11;13;20;29
Aug 17, 2018;12;17;22;27;28;29;35
Aug 10, 2018;2;9;18;33;36;40;49
Aug 3, 2018;9;11;23;33;35;36;42
Jul 27, 2018;8;11;14;17;26;30;36
Jul 20, 2018;6;8;12;19;20;25;49
Jul 13, 2018;1;4;5;22;25;32;34
Jul 6, 2018;1;11;20;32;41;42;44
Jun 29, 2018;3;5;17;23;28;43;46
Jun 22, 2018;3;10;16;28;31;38;47
Jun 15, 2018;18;23;28;37;44;45;47
Jun 8, 2018;12;25;27;29;34;44;45
Jun 1, 2018;2;11;17;18;22;25;39
May 25, 2018;7;10;13;19;24;31;41
May 18, 2018;4;13;23;30;31;37;43
May 11, 2018;11;22;28;33;39;43;47
May 4, 2018;1;11;15;16;20;29;39
Apr 27, 2018;8;9;11;17;37;39;41
Apr 20, 2018;6;14;16;22;30;42;45
Apr 13, 2018;1;8;9;22;29;30;32
Apr 6, 2018;7;18;29;30;41;45;46
Mar 30, 2018;1;12;18;19;21;24;41
Mar 23, 2018;7;12;15;23;35;43;49
Mar 16, 2018;13;24;29;31;35;36;42
Mar 9, 2018;13;18;20;26;32;35;47
Mar 2, 2018;7;25;26;28;32;36;37
Feb 23, 2018;13;17;24;32;33;44;45
Feb 16, 2018;5;14;22;23;35;40;49
Feb 9, 2018;6;19;24;25;36;37;39
Feb 2, 2018;3;8;9;24;28;31;44
Jan 26, 2018;7;8;13;19;23;32;40
Jan 19, 2018;9;18;25;30;39;40;43
Jan 12, 2018;1;8;16;19;26;34;41
Jan 5, 2018;1;3;13;15;28;36;49
Dec 29, 2017;22;23;26;35;37;39;47
Dec 22, 2017;13;16;19;21;24;26;30
Dec 15, 2017;8;14;17;27;28;30;48
Dec 8, 2017;1;17;31;33;39;46;49
Dec 1, 2017;26;28;33;38;42;43;47
Nov 24, 2017;5;11;20;22;35;38;46
Nov 17, 2017;3;15;22;23;33;47;49
Nov 10, 2017;5;12;18;26;29;31;37
Nov 3, 2017;16;17;18;20;40;42;43
Oct 27, 2017;1;14;15;16;24;39;49
Oct 20, 2017;1;4;12;27;35;38;46
Oct 13, 2017;8;14;16;17;18;34;41
Oct 6, 2017;10;17;25;27;29;34;38
Sep 29, 2017;1;6;14;23;38;40;47
Sep 22, 2017;2;10;37;38;39;43;47
Sep 15, 2017;15;20;24;30;39;44;46
Sep 8, 2017;1;2;15;16;22;29;41
Sep 1, 2017;1;7;18;28;31;39;48
Aug 25, 2017;18;19;23;34;39;43;46
Aug 18, 2017;2;9;13;16;25;26;45
Aug 11, 2017;13;14;19;26;27;36;37
Aug 4, 2017;1;4;11;17;27;36;37
Jul 28, 2017;9;12;16;24;33;45;47
Jul 21, 2017;2;11;12;25;33;39;44
Jul 14, 2017;2;4;11;17;26;41;42
Jul 7, 2017;4;8;13;16;26;33;38
Jun 30, 2017;7;24;26;36;37;43;44
Jun 23, 2017;2;3;6;22;24;42;46
Jun 16, 2017;1;5;20;33;34;41;42
Jun 9, 2017;7;11;20;21;22;37;47
Jun 2, 2017;11;12;25;28;33;41;43
May 26, 2017;14;16;18;21;38;44;49
May 19, 2017;8;11;18;25;34;35;38
May 12, 2017;11;25;26;28;38;44;45
May 5, 2017;11;14;20;22;26;35;43
Apr 28, 2017;10;14;22;36;38;44;45
Apr 21, 2017;3;4;13;16;35;47;49
Apr 14, 2017;23;25;29;30;42;44;45
Apr 7, 2017;8;12;14;34;37;44;48
Mar 31, 2017;1;2;12;15;22;25;41
Mar 24, 2017;16;19;21;32;37;39;45
Mar 17, 2017;2;5;6;7;8;33;45
Mar 10, 2017;1;11;15;20;36;41;47
Mar 3, 2017;3;7;20;25;29;31;44
Feb 24, 2017;1;17;19;23;28;29;47
Feb 17, 2017;5;9;14;24;33;37;46
Feb 10, 2017;11;16;19;22;24;38;41
Feb 3, 2017;8;19;24;28;34;42;48
Jan 27, 2017;1;3;8;22;29;38;47
Jan 20, 2017;4;10;21;28;29;37;45
Jan 13, 2017;2;8;24;30;31;38;40
Jan 6, 2017;10;13;18;19;38;47;48
Dec 30, 2016;5;10;14;19;31;33;47
Dec 23, 2016;1;5;11;26;28;30;41
Dec 16, 2016;2;9;27;32;38;39;43
Dec 9, 2016;11;17;24;26;34;35;39
Dec 2, 2016;5;8;20;21;29;40;47
Nov 25, 2016;2;11;20;22;31;35;47
Nov 18, 2016;7;10;21;24;38;40;49
Nov 11, 2016;8;14;18;20;24;39;46
Nov 4, 2016;4;23;29;36;39;44;46
Oct 28, 2016;3;5;19;29;33;34;44
Oct 21, 2016;33;34;36;42;44;45;47
Oct 14, 2016;14;18;22;25;36;39;44
Oct 7, 2016;8;9;12;24;29;36;37
Sep 30, 2016;4;12;17;21;32;38;42
Sep 23, 2016;3;13;24;36;39;44;45
Sep 16, 2016;7;12;14;15;27;34;44
Sep 9, 2016;4;10;11;27;29;32;41
Sep 2, 2016;1;12;15;22;25;45;48
Aug 26, 2016;3;10;17;19;26;27;42
Aug 19, 2016;19;22;25;32;37;45;47
Aug 12, 2016;5;7;15;18;19;27;28
Aug 5, 2016;4;6;10;20;40;46;47
Jul 29, 2016;11;15;25;26;39;47;49
Jul 22, 2016;9;26;28;32;37;40;45
Jul 15, 2016;19;30;31;36;40;44;49
Jul 8, 2016;1;8;16;25;30;42;48
Jul 1, 2016;10;12;14;28;36;39;45
Jun 24, 2016;2;17;22;24;26;42;48
Jun 17, 2016;1;16;20;29;33;44;46
Jun 10, 2016;5;11;15;26;27;33;39
Jun 3, 2016;12;21;28;37;40;43;47
May 27, 2016;1;14;16;20;26;32;34
May 20, 2016;16;17;19;22;31;47;49
May 13, 2016;3;6;8;17;21;28;34
May 6, 2016;1;8;10;24;26;37;45
Apr 29, 2016;11;21;22;24;26;36;43
Apr 22, 2016;13;16;20;35;37;43;49
Apr 15, 2016;1;9;17;19;25;27;38
Apr 8, 2016;9;12;13;14;28;39;41
Apr 1, 2016;5;6;27;28;31;41;45
Mar 25, 2016;1;6;15;32;42;45;46
Mar 18, 2016;6;8;15;24;26;39;44
Mar 11, 2016;9;17;27;30;31;34;42
Mar 4, 2016;4;14;24;41;42;44;48
Feb 26, 2016;6;9;22;23;36;38;47
Feb 19, 2016;2;11;20;22;33;40;43
Feb 12, 2016;19;20;26;31;34;39;48
Feb 5, 2016;6;7;8;9;17;23;30
Jan 29, 2016;5;11;14;17;28;41;47
Jan 22, 2016;20;21;22;34;42;43;45
Jan 15, 2016;7;26;27;31;32;33;42
Jan 8, 2016;13;15;21;24;25;36;48
Jan 1, 2016;6;10;13;14;25;41;46
Dec 25, 2015;5;8;9;12;22;39;45
Dec 18, 2015;6;20;28;29;30;31;46
Dec 11, 2015;7;12;28;34;45;46;48
Dec 4, 2015;8;15;24;25;27;36;43
Nov 27, 2015;4;8;9;20;23;45;46
Nov 20, 2015;12;21;28;34;36;45;48
Nov 13, 2015;7;11;19;38;40;41;42
Nov 6, 2015;1;10;12;20;29;35;47
Oct 30, 2015;2;11;19;38;43;45;49
Oct 23, 2015;2;7;12;28;29;38;48
Oct 16, 2015;9;14;19;21;31;32;40
Oct 9, 2015;8;11;14;23;26;42;47
Oct 2, 2015;10;12;24;26;34;43;47
Sep 25, 2015;1;7;15;18;21;30;45
Sep 18, 2015;13;16;17;21;35;40;46
Sep 11, 2015;21;22;27;30;39;42;44
Sep 4, 2015;7;8;15;19;36;37;41
Aug 28, 2015;2;4;5;17;29;39;41
Aug 21, 2015;3;13;15;22;33;41;49
Aug 14, 2015;1;15;17;25;34;40;41
Aug 7, 2015;5;13;20;37;39;40;41
Jul 31, 2015;2;5;27;32;35;42;46
Jul 24, 2015;2;4;11;19;28;29;38
Jul 17, 2015;23;24;29;36;42;43;49
Jul 10, 2015;12;14;23;25;31;38;40
Jul 3, 2015;1;6;30;40;46;47;49
Jun 26, 2015;2;4;16;23;30;32;46
Jun 19, 2015;7;14;15;16;21;30;41
Jun 12, 2015;4;7;11;19;34;38;48
Jun 5, 2015;2;10;13;16;30;33;48
May 29, 2015;1;30;38;39;44;45;47
May 22, 2015;1;4;21;24;29;30;46
May 15, 2015;16;23;24;25;40;46;47
May 8, 2015;1;7;17;27;32;44;48
May 1, 2015;6;18;20;37;40;44;46
Apr 24, 2015;3;37;38;40;42;43;46
Apr 17, 2015;7;11;14;15;19;30;41
Apr 10, 2015;7;8;16;18;24;25;46
Apr 3, 2015;10;11;23;28;32;34;41
Mar 27, 2015;3;7;15;23;29;31;45
Mar 20, 2015;7;10;16;35;36;42;45
Mar 13, 2015;2;8;10;15;17;20;24
Mar 6, 2015;2;8;9;10;24;26;41
Feb 27, 2015;4;12;16;27;37;39;44
Feb 20, 2015;26;34;38;41;46;48;49
Feb 13, 2015;6;9;18;22;25;32;44
Feb 6, 2015;1;5;7;13;14;33;46
Jan 30, 2015;10;15;21;28;32;36;37
Jan 23, 2015;1;14;15;18;26;42;48
Jan 16, 2015;6;29;30;31;36;42;45
Jan 9, 2015;3;7;12;18;31;33;35
Jan 2, 2015;8;9;14;19;28;31;46
Dec 26, 2014;15;20;29;39;40;43;46
Dec 19, 2014;3;6;13;17;22;25;43
Dec 12, 2014;2;14;30;34;38;47;48
Dec 5, 2014;10;14;15;16;42;45;48
Nov 28, 2014;3;4;7;12;17;26;34
Nov 21, 2014;6;18;19;26;37;39;47
Nov 14, 2014;2;5;7;13;15;30;38
Nov 7, 2014;1;3;6;8;14;20;30
Oct 31, 2014;3;12;25;30;42;44;45
Oct 24, 2014;8;27;30;32;34;35;42
Oct 17, 2014;18;19;32;36;38;40;43
Oct 10, 2014;5;13;18;28;31;38;44
Oct 3, 2014;7;15;24;25;27;43;47
Sep 26, 2014;2;3;5;18;37;38;46
Sep 19, 2014;4;7;8;10;16;20;36
Sep 12, 2014;5;6;8;13;24;37;46
Sep 5, 2014;3;8;11;20;28;36;38
Aug 29, 2014;1;23;26;33;35;38;42
Aug 22, 2014;13;16;22;26;35;36;39
Aug 15, 2014;9;16;17;27;32;38;47
Aug 8, 2014;6;9;16;19;20;24;30
Aug 1, 2014;1;2;5;10;11;25;34
Jul 25, 2014;7;9;24;30;35;42;43
Jul 18, 2014;1;3;16;33;34;40;42
Jul 11, 2014;1;6;10;16;18;21;31
Jul 4, 2014;5;10;11;20;26;38;46
Jun 27, 2014;4;6;7;16;18;40;46
Jun 20, 2014;12;17;32;36;43;44;49
Jun 13, 2014;12;16;24;29;36;40;47
Jun 6, 2014;3;5;17;30;36;47;49
May 30, 2014;2;5;10;11;23;25;31
May 23, 2014;3;11;16;24;31;39;43
May 16, 2014;12;13;16;30;32;35;37
May 9, 2014;5;7;29;35;39;41;49
May 2, 2014;6;15;18;19;25;44;46
Apr 25, 2014;3;9;24;25;28;36;40
Apr 18, 2014;9;16;24;30;39;40;45
Apr 11, 2014;1;3;14;33;35;39;45
Apr 4, 2014;19;30;33;34;36;41;48
Mar 28, 2014;8;15;16;21;31;37;39
Mar 21, 2014;1;2;4;21;23;35;40
Mar 14, 2014;3;4;5;7;31;33;40
Mar 7, 2014;1;6;7;16;22;31;33
Feb 28, 2014;4;7;20;22;26;28;29
Feb 21, 2014;1;10;16;23;29;35;39
Feb 14, 2014;6;8;11;16;17;19;24
Feb 7, 2014;13;19;37;38;40;43;48
Jan 31, 2014;6;10;16;27;38;40;45
Jan 24, 2014;7;10;15;23;30;36;44
Jan 17, 2014;4;9;18;32;35;38;40
Jan 10, 2014;12;28;31;38;40;41;45
Jan 3, 2014;7;16;31;35;39;44;48
Dec 27, 2013;1;6;9;11;17;37;39
Dec 20, 2013;2;13;18;24;27;37;43
Dec 13, 2013;6;16;24;32;36;45;47
Dec 6, 2013;3;4;11;18;37;42;44
Nov 29, 2013;3;6;19;31;34;42;45
Nov 22, 2013;2;24;35;38;39;41;48
Nov 15, 2013;1;3;10;15;25;28;31
Nov 8, 2013;7;8;10;15;24;26;41
Nov 1, 2013;11;12;16;22;30;32;49
Oct 25, 2013;13;16;24;29;33;40;49
Oct 18, 2013;10;26;28;33;34;35;40
Oct 11, 2013;7;8;9;16;21;28;48
Oct 4, 2013;12;16;19;20;28;34;42
Sep 27, 2013;10;11;18;24;26;42;47
Sep 20, 2013;2;14;15;24;40;43;44
Sep 13, 2013;2;6;12;15;16;22;49
Sep 6, 2013;1;7;23;36;37;39;41
Aug 30, 2013;6;19;20;25;31;35;36
Aug 23, 2013;5;6;10;17;22;36;48
Aug 16, 2013;2;6;20;22;30;34;49
Aug 9, 2013;6;15;19;26;43;44;49
Aug 2, 2013;2;9;23;29;30;34;43
Jul 26, 2013;5;9;12;18;24;35;42
Jul 19, 2013;3;17;19;20;34;35;43
Jul 12, 2013;14;16;17;36;45;46;48
Jul 5, 2013;5;12;15;39;44;46;49
Jun 28, 2013;2;7;15;38;43;44;47
Jun 21, 2013;2;9;12;13;27;28;36
Jun 14, 2013;2;12;15;18;21;22;25
Jun 7, 2013;5;19;24;34;35;38;43
May 31, 2013;5;7;10;15;22;45;47
May 24, 2013;9;19;21;24;39;43;48
May 17, 2013;8;18;21;27;33;46;49
May 10, 2013;3;10;19;21;27;35;36
May 3, 2013;4;6;21;26;30;34;35
Apr 26, 2013;10;13;15;18;25;36;47
Apr 19, 2013;2;3;8;20;28;31;34
Apr 12, 2013;3;6;37;40;42;44;48
Apr 5, 2013;2;14;15;17;24;38;40
Mar 29, 2013;8;11;12;13;22;33;47
Mar 22, 2013;7;12;16;19;21;24;47
Mar 15, 2013;9;16;17;19;22;41;43
Mar 8, 2013;9;15;17;28;35;39;41
Mar 1, 2013;1;2;5;6;38;39;46
Feb 22, 2013;5;12;24;31;39;45;49
Feb 15, 2013;14;23;24;25;28;41;45
Feb 8, 2013;3;8;13;30;38;45;47
Feb 1, 2013;5;9;10;32;37;44;46
Jan 25, 2013;1;18;19;29;31;32;46
Jan 18, 2013;8;16;17;28;32;34;47
Jan 11, 2013;2;25;26;37;39;48;49
Jan 4, 2013;3;6;16;23;27;28;34
Dec 28, 2012;1;9;25;28;32;41;48
Dec 21, 2012;7;8;17;18;20;40;41
Dec 14, 2012;3;6;10;33;39;48;49
Dec 7, 2012;5;11;22;29;38;42;49
Nov 30, 2012;3;10;13;23;31;41;45
Nov 23, 2012;6;8;10;17;28;29;38
Nov 16, 2012;1;5;9;19;27;35;48
Nov 9, 2012;8;9;11;22;24;42;46
Nov 2, 2012;1;2;5;26;29;36;47
Oct 26, 2012;3;4;20;25;30;35;48
Oct 19, 2012;1;2;3;15;22;37;41
Oct 12, 2012;5;7;12;15;35;45;47
Oct 5, 2012;1;12;23;27;30;31;37
Sep 28, 2012;5;6;32;33;39;42;47
Sep 21, 2012;7;8;10;11;19;34;45
Sep 14, 2012;2;27;30;31;37;46;47
Sep 7, 2012;11;14;18;20;37;41;46
Aug 31, 2012;5;12;13;28;33;37;43
Aug 24, 2012;2;3;5;22;23;32;33
Aug 17, 2012;18;19;22;27;29;36;47
Aug 10, 2012;2;15;18;19;22;27;49
Aug 3, 2012;1;2;18;26;27;39;42
Jul 27, 2012;2;20;25;26;46;47;48
Jul 20, 2012;4;7;29;35;39;43;44
Jul 13, 2012;3;13;14;23;33;36;45
Jul 6, 2012;14;26;31;34;37;45;48
Jun 29, 2012;10;14;20;28;35;40;42
Jun 22, 2012;1;12;20;22;30;34;38
Jun 15, 2012;8;11;20;28;36;43;47
Jun 8, 2012;9;10;16;24;26;44;48
Jun 1, 2012;4;7;13;24;26;27;43
May 25, 2012;1;2;3;6;12;20;41
May 18, 2012;3;4;13;15;21;29;48
May 11, 2012;1;6;7;24;31;36;39
May 4, 2012;3;5;6;25;37;43;45
Apr 27, 2012;3;23;28;40;42;43;45
Apr 20, 2012;14;15;16;19;30;36;46
Apr 13, 2012;2;6;11;12;16;39;45
Apr 6, 2012;15;18;19;25;32;42;49
Mar 30, 2012;3;11;12;19;35;45;47
Mar 23, 2012;6;18;21;23;24;32;48
Mar 16, 2012;5;7;18;24;28;41;49
Mar 9, 2012;7;18;19;29;39;47;48
Mar 2, 2012;4;13;14;15;34;46;47
Feb 24, 2012;6;17;23;24;25;31;38
Feb 17, 2012;1;15;26;28;31;39;49
Feb 10, 2012;1;5;25;35;38;44;47
Feb 3, 2012;2;8;12;14;33;37;47
Jan 27, 2012;8;24;28;34;37;43;45
Jan 20, 2012;9;15;21;23;41;43;44
Jan 13, 2012;6;15;18;26;41;46;48
Jan 6, 2012;1;2;8;13;22;45;46
Dec 30, 2011;2;13;22;28;35;41;42
Dec 23, 2011;3;4;9;25;26;37;39
Dec 16, 2011;11;24;26;31;42;44;46
Dec 9, 2011;3;11;18;19;23;27;44
Dec 2, 2011;23;29;33;34;39;44;48
Nov 25, 2011;8;10;15;24;30;35;49
Nov 18, 2011;8;17;27;28;39;44;49
Nov 11, 2011;5;7;9;25;31;37;39
Nov 4, 2011;5;8;13;15;27;28;37
Oct 28, 2011;2;4;18;20;29;38;41
Oct 21, 2011;6;23;27;30;34;38;45
Oct 14, 2011;1;3;7;19;31;39;49
Oct 7, 2011;12;13;24;25;26;41;43
Sep 30, 2011;5;6;7;12;14;18;25
Sep 23, 2011;8;16;24;27;30;38;40
Sep 16, 2011;12;18;22;24;28;43;49
Sep 9, 2011;6;8;15;20;30;32;42
Sep 2, 2011;2;3;8;13;18;20;23
Aug 26, 2011;6;11;12;14;35;43;44
Aug 19, 2011;4;14;24;41;43;46;49
Aug 12, 2011;4;15;21;30;33;35;47
Aug 5, 2011;11;17;18;20;22;29;45
Jul 29, 2011;1;2;3;17;24;35;36
Jul 22, 2011;4;13;23;28;32;40;42
Jul 15, 2011;3;7;8;12;18;24;41
Jul 8, 2011;17;22;28;38;41;43;45
Jul 1, 2011;15;18;20;28;29;40;47
Jun 24, 2011;2;9;10;15;29;44;48
Jun 17, 2011;2;7;14;16;22;27;47
Jun 10, 2011;8;11;12;25;28;30;33
Jun 3, 2011;8;21;28;32;33;34;48
May 27, 2011;5;9;19;20;21;28;30
May 20, 2011;7;12;14;18;30;45;47
May 13, 2011;7;8;14;32;38;42;44
May 6, 2011;6;19;24;25;26;35;36
Apr 29, 2011;1;13;20;24;39;45;47
Apr 22, 2011;7;19;34;35;38;42;46
Apr 15, 2011;3;12;14;15;25;32;49
Apr 8, 2011;13;18;25;41;44;48;49
Apr 1, 2011;5;6;11;12;24;26;34
Mar 25, 2011;1;4;22;25;26;36;46
Mar 18, 2011;2;5;10;21;25;35;49
Mar 11, 2011;2;3;4;20;22;40;43
Mar 4, 2011;3;18;27;29;32;33;35
Feb 25, 2011;3;14;19;30;32;39;46
Feb 18, 2011;3;7;12;16;20;42;48
Feb 11, 2011;4;6;13;19;26;29;47
Feb 4, 2011;1;3;13;18;19;39;48
Jan 28, 2011;7;10;14;20;21;23;31
Jan 21, 2011;2;18;19;29;42;47;49
Jan 14, 2011;2;6;10;12;24;30;37
Jan 7, 2011;2;10;13;15;23;28;49
Dec 31, 2010;2;7;10;22;32;34;38
Dec 24, 2010;8;23;25;26;33;41;43
Dec 17, 2010;1;16;28;29;33;37;47
Dec 10, 2010;7;9;12;20;28;38;44
Dec 3, 2010;1;10;13;26;43;46;49
Nov 26, 2010;12;21;23;27;28;29;37
Nov 19, 2010;4;13;25;29;36;40;48
Nov 12, 2010;13;15;17;18;19;47;49
Nov 5, 2010;7;10;24;30;35;36;39
Oct 29, 2010;2;6;21;26;28;33;47
Oct 22, 2010;12;15;19;20;28;29;39
Oct 15, 2010;3;14;17;25;30;33;39
Oct 8, 2010;3;4;5;8;13;22;33
Oct 1, 2010;10;12;13;25;28;29;41
Sep 24, 2010;9;22;25;30;31;39;42
Sep 17, 2010;2;5;6;43;46;47;48
Sep 10, 2010;4;17;27;32;34;39;47
Sep 3, 2010;12;17;27;28;31;36;48
Aug 27, 2010;3;14;26;27;29;32;34
Aug 20, 2010;4;5;7;8;18;30;35
Aug 13, 2010;19;25;27;29;30;36;46
Aug 6, 2010;1;5;6;32;36;38;44
Jul 30, 2010;5;7;11;40;41;47;48
Jul 23, 2010;17;19;26;29;34;35;38
Jul 16, 2010;10;14;26;34;43;47;48
Jul 9, 2010;9;10;19;24;28;30;31
Jul 2, 2010;9;19;25;26;29;30;44
Jun 25, 2010;5;22;28;31;39;46;48
Jun 18, 2010;5;6;26;29;34;36;43
Jun 11, 2010;2;7;12;25;29;32;35
Jun 4, 2010;3;18;27;30;33;40;45
May 28, 2010;11;18;23;24;27;28;39
May 21, 2010;14;16;30;35;36;45;49
May 14, 2010;7;17;19;23;31;36;41
May 7, 2010;3;6;10;14;19;25;33
Apr 30, 2010;1;3;4;5;16;32;33
Apr 23, 2010;8;11;16;21;24;28;41
Apr 16, 2010;6;7;17;20;32;44;49
Apr 9, 2010;11;16;29;30;31;33;42
Apr 2, 2010;4;9;12;15;28;29;43
Mar 26, 2010;3;11;12;16;34;36;37
Mar 19, 2010;1;3;6;34;37;42;45
Mar 12, 2010;17;18;19;21;32;40;49
Mar 5, 2010;5;8;18;22;32;39;45
Feb 26, 2010;2;27;30;32;35;36;38
Feb 19, 2010;4;23;27;32;35;43;47
Feb 12, 2010;9;12;17;23;34;42;47
Feb 5, 2010;10;19;25;29;39;41;42
Jan 29, 2010;16;17;22;24;40;41;47
Jan 22, 2010;17;26;30;32;34;39;41
Jan 15, 2010;12;17;22;30;34;43;49
Jan 8, 2010;8;17;21;23;24;28;39
Jan 1, 2010;7;9;13;18;27;33;44
Dec 25, 2009;8;9;12;13;29;30;31
Dec 18, 2009;8;10;15;17;33;34;35
Dec 11, 2009;1;4;5;7;22;29;48
Dec 4, 2009;1;6;13;19;32;35;40
Nov 27, 2009;11;15;24;26;37;38;43
Nov 20, 2009;2;8;28;30;36;39;42
Nov 13, 2009;8;18;27;28;38;41;48
Nov 6, 2009;2;7;8;11;16;17;18
Oct 30, 2009;6;9;10;14;17;18;19
Oct 23, 2009;4;7;10;12;23;25;36
Oct 16, 2009;4;10;18;20;31;35;44
Oct 9, 2009;5;15;25;38;42;46;47
Oct 2, 2009;8;27;28;29;31;32;35
Sep 25, 2009;5;17;19;25;31;38;46